<?xml version="1.0" encoding="UTF-8"?>
<beans xmlns="http://www.springframework.org/schema/beans"
	xmlns:xsi="http://www.w3.org/2001/XMLSchema-instance"
	xsi:schemaLocation="http://www.springframework.org/schema/beans http://www.springframework.org/schema/beans/spring-beans.xsd">

<!--Spring autowiring byName example -->	
<bean id="song" class="com.lab3.domain.Song">
	<constructor-arg name="name" value="silly nsss"></constructor-arg>
	<constructor-arg name="lyrics" value="Hello world"></constructor-arg>
</bean>
	
<!-- autowiring byName -->
<bean id="autoWireExampleBean" class="com.lab3.interfaces.impl.SongWriterImpl" autowire="byName">
	<property name="firstname" value="Peter"></property>
	<property name="lastname" value="Summers"></property>
	<property name="age" value="33"></property>
</bean> 

<!-- Autowiring byType example -->
<bean id="autoWireExampleByTypeBean" class="com.lab3.interfaces.impl.SongWriterImpl" autowire="byType">
	<property name="firstname" value="YourName"></property>
	<property name="lastname" value="YourSurname"></property>
	<property name="age" value="21"></property>
</bean> 

<!--Spring autowiring byName example -->	
<bean id="anotherSongType" class="com.lab3.domain.Song">
	<constructor-arg name="name" value="another song"></constructor-arg>
	<constructor-arg name="lyrics" value="another songs lyrics"></constructor-arg>
</bean> 

<!-- Autowiring byConstructor example-->
<bean id="autoWireExampleConstructorBean" class="com.lab3.interfaces.impl.SongWriterImpl" 
autowire="constructor">
	<constructor-arg name="firstname" value="Jane"></constructor-arg>
	<constructor-arg name="lastname" value="Lee"></constructor-arg>
	<constructor-arg name="age" value="33"></constructor-arg>
</bean> 

<!-- @Required annotation example -->
<bean id="annotationRequiredExample" class="com.lab3.domain.Venue">	
	<property name="capacity" value="500"/>	
</bean>

</beans>
