<?xml version="1.0" encoding="UTF-8"?>
<beans xmlns="http://www.springframework.org/schema/beans"
		xmlns:xsi="http://www.w3.org/2001/XMLSchema-instance"
		xmlns:context="http://www.springframework.org/schema/context"
		xsi:schemaLocation="http://www.springframework.org/schema/beans 		
		http://www.springframework.org/schema/beans/spring-beans.xsd"
		default-init-method="init" default-destroy-method="destroy"
		http://www.springframework.org/schema/context
		http://www.springframework.org/schema/context/spring-context-3.0.xsd">
 		<context:annotation-config/> 


<bean id="ourFirstBean" class="com.lab3.domain.SongWriterImpl"></bean>

<bean id="marysSong" class="com.lab3.domain.Song">
		<constructor-arg name="name" value="Oh Danny Boy"></constructor-arg>
		<constructor-arg name="lyrics" value="Oh Danny Boy, the pipes the pipes are calling. From glen to glen... "></constructor-arg>
</bean>

<bean id="MarySongWriter" class="com.lab3.interfaces.impl.SongWriterImpl">
	<constructor-arg name="firstname" value="Mary"></constructor-arg>
	<constructor-arg name="lastname" value="Jones"></constructor-arg>
	<constructor-arg name="age" value="21"></constructor-arg>
	<constructor-arg name="song" ref="MarysSong"></constructor-arg>	
</bean>

<bean id="marysVenue" class="com.lab3.domain.Venue">
	<constructor-arg name="name" value="O2 Arena"></constructor-arg>	
	<constructor-arg name="addressLine1" value="N Wall Quay"></constructor-arg>	
	<constructor-arg name="addressLine2" value="Dublin"></constructor-arg>	
	<constructor-arg name="country" value="Ireland"></constructor-arg>	
	<constructor-arg name="capacity" value="13000"></constructor-arg>	
</bean>

<bean id="setterBeanSong" class="com.lab3.domain.Song">
		<property name="name" value="Setter Marys song"></property>
		<property name="lyrics" value="Setter lyrics lyrics"></property>		
</bean>

<bean id="setterSongwriter" class="com.lab3.domain.SongWriterImpl">
	<property name="firstname" value="Billy"></property>
	<property name="lastname" value="Walsh"></property>	
	<property name="age" value="21"></property>	
	<property name="song" ref="setterBeanSong"></property>
</bean>

<bean id="currency" class="com.lab3.factories.CurrencyFactory" factory-method="createCurrency">
	<constructor-arg name="country" value="Ireland"></constructor-arg>
</bean> 

<bean id="theStage" class="com.lab3.domain.Stage" 
factory-method="getInstance"> 
</bean>

<bean id="theStage1" class="com.lab3.domain.Stage" 
factory-method="getInstance"> 
</bean>

<bean id="ticket" class="com.lab3.domain.Ticket">
	<constructor-arg name="ticketClass" value="premium"></constructor-arg>
	<constructor-arg name="ticketNumber" value="1"></constructor-arg>
</bean>

<bean id="ticketPrototype" class="com.lab3.domain.Ticket" scope="prototype">
	<constructor-arg name="ticketClass" value="premium"></constructor-arg>
	<constructor-arg name="ticketNumber" value="2"></constructor-arg>
</bean> 

<bean id="javaCollectionExample" class="com.lab3.domain.CollectionsExample">
		
		<!-- results in a setAddressList(java.util.List) call -->
		<property name="instrumentList">
			<list>
				<value>Guitar</value>
				<value>Piano</value>
				<value>Violin</value>
				<value>Violin</value>
			</list>
		</property>
		
		<!-- results in a setAddressSet(java.util.Set) call -->
		<property name="instrumentSet">
			<set>
				<value>Guitar</value>
				<value>Piano</value>
				<value>Violin</value>
				<value>Violin</value>
			</set>
		</property>
		
		<!-- results in a setAddressMap(java.util.Map) call -->
		<property name="instrumentMap">
			<map>
				<entry key="1" value="Guitar"/>
				<entry key="2" value="Piano"/>
				<entry key="3" value="Violin"/>
				<entry key="4" value="Violin"/>
			</map>
		</property>
		
		<!-- results in a setAddressProp(java.util.Properties) call -->
		<property name="instrumentProp">
			<props>
				<prop key="one">Guitar</prop>
				<prop key="two">Piano</prop>
				<prop key="three">Violin</prop>
				<prop key="four">Violin</prop>
			</props>
		</property>
		
	</bean>

	<!-- @Required annotation example -->
	<bean id="annotationRequiredExample" class="com.lab3.domain.Venue">		
	</bean>



</beans>
